algorithm_name,instance_size,timeout,seed,runtime,timed_out,min_happiness,total_happiness,fairness_ratio
Main (α=3.0),5,60.0,42,1.5981440544128418,0,116.66205001266134,357.620755627045,0.4841578548291196
Main (α=3.0),10,60.0,42,3.097299814224243,1,,,
Main (α=3.0),15,60.0,42,6.074013710021973,0,69.13908856272353,794.5244661625966,0.41434521850247025
Main (α=3.0),20,60.0,42,12.199864864349365,0,60.67156307385832,1117.4615732189388,0.3406322360028821
Main (α=2.0),5,60.0,42,1.5770800113677979,0,77.60019368518041,178.0847717311951,0.7722597357143215
Main (α=2.0),10,60.0,42,4.078789949417114,0,13.556869154681163,353.5407184342141,0.11705279334968377
